the-hitmans-bodyguard,0.999999
the-little-vampire,0.26833
la-story,0.26833
logan-2017,0.26833
blade-trinity,0.0991032
deadpool,0.0991032
the-dark-knight-rises,0.0991032
dawn-of-the-planet-of-the-apes,0.0991032
lost-in-space,0.0991032
van-wilder,0.0991032
ripd,0.0991032
definitely-maybe,0.0991032
the-professional,0.0991032
the-space-between-us,0.0991032
turbo,0.0991032
the-in-laws,0.0991032
the-amityville-horror-1979,0.0991032
gi-joe-retaliation,0.0991032
the-contender,0.0991032
the-proposal,0.0991032
the-fifth-element,0.0991032
mississippi-grind,0.0991032
life-2017,0.0991032
the-croods,0.0991032
air-force-one,0.0991032
just-friends,0.0991032
smokin-aces,0.0991032
safe-house,0.0991032
hammett,0.0985009
the-abandoned,0.0973585
jaws-2,0.09149
stroker-ace,0.09149
jaws,0.0852973
